"","time","comp","scenario","val2","var","value","lab"
"1",1,"I","15% detected, Asymp RR=0.25",1433.25,"Total",2425.5,"Cumulative cases"
"2",1,"I","15% detected, Asymp RR=0.5",731.25,"Total",1237.5,"Cumulative cases"
"3",1,"I","2% detected, Asymp RR=0.25",468,"Total",792,"Cumulative cases"
"4",1,"I","2% detected, Asymp RR=0.5",5674.5,"Total",9603,"Cumulative cases"
"5",1,"I","5% detected, Asymp RR=0.25",3685.5,"Total",6237,"Cumulative cases"
"6",1,"I","5% detected, Asymp RR=0.5",2193.75,"Total",3712.5,"Cumulative cases"
"7",2,"I","15% detected, Asymp RR=0.25",1773.54044144527,"Total",3093.41511329395,"Cumulative cases"
"8",2,"I","15% detected, Asymp RR=0.5",910.831405598187,"Total",1591.79945605495,"Cumulative cases"
"9",2,"I","2% detected, Asymp RR=0.25",579.121593992073,"Total",1010.10805545689,"Cumulative cases"
"10",2,"I","2% detected, Asymp RR=0.5",7067.58976032361,"Total",12351.3811255654,"Cumulative cases"
"11",2,"I","5% detected, Asymp RR=0.25",4560.41498029911,"Total",7954.24916226139,"Cumulative cases"
"12",2,"I","5% detected, Asymp RR=0.5",2732.44070974059,"Total",4775.28450055282,"Cumulative cases"
"13",3,"I","15% detected, Asymp RR=0.25",2213.89534390379,"Total",3978.6554732812,"Cumulative cases"
"14",3,"I","15% detected, Asymp RR=0.5",1153.17924468225,"Total",2083.51446902309,"Cumulative cases"
"15",3,"I","2% detected, Asymp RR=0.25",722.934834237936,"Total",1299.21648205979,"Cumulative cases"
"16",3,"I","2% detected, Asymp RR=0.5",8946.39517360379,"Total",16163.2025704135,"Cumulative cases"
"17",3,"I","5% detected, Asymp RR=0.25",5692.31725654776,"Total",10229.6562713746,"Cumulative cases"
"18",3,"I","5% detected, Asymp RR=0.5",3459.27662907209,"Total",6249.98465137865,"Cumulative cases"
"19",4,"I","15% detected, Asymp RR=0.25",2752.03239487285,"Total",5075.4874446225,"Cumulative cases"
"20",4,"I","15% detected, Asymp RR=0.5",1458.40031720995,"Total",2712.5199445702,"Cumulative cases"
"21",4,"I","2% detected, Asymp RR=0.25",898.704299804315,"Total",1657.47409567377,"Cumulative cases"
"22",4,"I","2% detected, Asymp RR=0.5",11310.8761421288,"Total",21035.5897478408,"Cumulative cases"
"23",4,"I","5% detected, Asymp RR=0.25",7075.16147383479,"Total",13048.0998676337,"Cumulative cases"
"24",4,"I","5% detected, Asymp RR=0.5",4374.47772528933,"Total",8136.00509315912,"Cumulative cases"
"25",5,"I","15% detected, Asymp RR=0.25",3393.93035015444,"Total",6395.86711423696,"Cumulative cases"
"26",5,"I","15% detected, Asymp RR=0.5",1832.48889262407,"Total",3491.46002292248,"Cumulative cases"
"27",5,"I","2% detected, Asymp RR=0.25",1108.39665421955,"Total",2088.81574881559,"Cumulative cases"
"28",5,"I","2% detected, Asymp RR=0.5",14206.1396820516,"Total",27063.5738007959,"Cumulative cases"
"29",5,"I","5% detected, Asymp RR=0.25",8724.05152373469,"Total",16439.7467847366,"Cumulative cases"
"30",5,"I","5% detected, Asymp RR=0.5",5495.86617711618,"Total",10470.9261110394,"Cumulative cases"
"31",6,"I","15% detected, Asymp RR=0.25",4151.51308771966,"Total",7964.48761808759,"Cumulative cases"
"32",6,"I","15% detected, Asymp RR=0.5",2285.92107424974,"Total",4442.7024003809,"Cumulative cases"
"33",6,"I","2% detected, Asymp RR=0.25",1355.92790358019,"Total",2601.35259505019,"Cumulative cases"
"34",6,"I","2% detected, Asymp RR=0.5",17711.2578078302,"Total",34415.8510675336,"Cumulative cases"
"35",6,"I","5% detected, Asymp RR=0.25",10669.2427346961,"Total",20467.225615997,"Cumulative cases"
"36",6,"I","5% detected, Asymp RR=0.5",6854.61237667221,"Total",13321.2848908993,"Cumulative cases"
"37",7,"I","15% detected, Asymp RR=0.25",5041.52288402924,"Total",9816.35716892915,"Cumulative cases"
"38",7,"I","15% detected, Asymp RR=0.5",2833.11715677427,"Total",5597.16816206087,"Cumulative cases"
"39",7,"I","2% detected, Asymp RR=0.25",1646.79626457513,"Total",3206.58292544186,"Cumulative cases"
"40",7,"I","2% detected, Asymp RR=0.5",21934.7068000776,"Total",43324.8438262235,"Cumulative cases"
"41",7,"I","5% detected, Asymp RR=0.25",12953.1946473556,"Total",25219.2917461316,"Cumulative cases"
"42",7,"I","5% detected, Asymp RR=0.5",8493.5860838949,"Total",16778.9851777511,"Cumulative cases"
"43",8,"I","15% detected, Asymp RR=0.25",6085.14879048863,"Total",11995.9856718456,"Cumulative cases"
"44",8,"I","15% detected, Asymp RR=0.5",3492.45996448562,"Total",6994.36350065927,"Cumulative cases"
"45",8,"I","2% detected, Asymp RR=0.25",1987.96846504786,"Total",3919.14289824422,"Cumulative cases"
"46",8,"I","2% detected, Asymp RR=0.5",27013.9112002696,"Total",54085.6255208277,"Cumulative cases"
"47",8,"I","5% detected, Asymp RR=0.25",15629.5391544889,"Total",30808.5725926637,"Cumulative cases"
"48",8,"I","5% detected, Asymp RR=0.5",10467.3313338096,"Total",20961.2160253726,"Cumulative cases"
"49",9,"I","15% detected, Asymp RR=0.25",7308.08551571591,"Total",14557.4894179422,"Cumulative cases"
"50",9,"I","15% detected, Asymp RR=0.5",4286.65439221213,"Total",8683.14926126501,"Cumulative cases"
"51",9,"I","2% detected, Asymp RR=0.25",2387.901814643,"Total",4756.84687275666,"Cumulative cases"
"52",9,"I","2% detected, Asymp RR=0.5",33117.1724788502,"Total",67059.9897813022,"Cumulative cases"
"53",9,"I","5% detected, Asymp RR=0.25",18763.1136811321,"Total",37371.5838302822,"Cumulative cases"
"54",9,"I","5% detected, Asymp RR=0.5",12843.0496512466,"Total",26012.5493329693,"Cumulative cases"
"55",10,"I","15% detected, Asymp RR=0.25",8740.9060131144,"Total",17565.364949474,"Cumulative cases"
"56",10,"I","15% detected, Asymp RR=0.5",5243.37295661156,"Total",10723.1288918883,"Cumulative cases"
"57",10,"I","2% detected, Asymp RR=0.25",2856.67598100972,"Total",5740.96170857749,"Cumulative cases"
"58",10,"I","2% detected, Asymp RR=0.5",40447.4191602114,"Total",82684.4385690466,"Cumulative cases"
"59",10,"I","5% detected, Asymp RR=0.25",22430.7903219988,"Total",45070.4431914369,"Cumulative cases"
"60",10,"I","5% detected, Asymp RR=0.5",15702.3905087778,"Total",32108.7804262263,"Cumulative cases"
"61",11,"I","15% detected, Asymp RR=0.25",10419.669978559,"Total",21095.7660548394,"Cumulative cases"
"62",11,"I","15% detected, Asymp RR=0.5",6396.13612525894,"Total",13186.5437431477,"Cumulative cases"
"63",11,"I","2% detected, Asymp RR=0.25",3406.20148589735,"Total",6896.64475501285,"Cumulative cases"
"64",11,"I","2% detected, Asymp RR=0.5",49247.1947850331,"Total",101480.816623387,"Cumulative cases"
"65",11,"I","5% detected, Asymp RR=0.25",26722.8246752848,"Total",54095.6922263704,"Cumulative cases"
"66",11,"I","5% detected, Asymp RR=0.5",19143.8711945443,"Total",39462.1251299599,"Cumulative cases"
"67",12,"I","15% detected, Asymp RR=0.25",12386.710844112,"Total",25238.1608873927,"Cumulative cases"
"68",12,"I","15% detected, Asymp RR=0.5",7785.42131835636,"Total",16160.6620303548,"Cumulative cases"
"69",12,"I","2% detected, Asymp RR=0.25",4050.49320101455,"Total",8253.52030952993,"Cumulative cases"
"70",12,"I","2% detected, Asymp RR=0.5",59804.5916261269,"Total",124068.946938455,"Cumulative cases"
"71",12,"I","5% detected, Asymp RR=0.25",31744.5871331591,"Total",64669.9317856191,"Cumulative cases"
"72",12,"I","5% detected, Asymp RR=0.5",23285.8698199276,"Total",48327.6490857222,"Cumulative cases"
"73",13,"I","15% detected, Asymp RR=0.25",14691.5941252444,"Total",30097.3533629607,"Cumulative cases"
"74",13,"I","15% detected, Asymp RR=0.5",9460.02115066481,"Total",19750.7053330888,"Cumulative cases"
"75",13,"I","2% detected, Asymp RR=0.25",4806.00795193852,"Total",9846.39244120135,"Cumulative cases"
"76",13,"I","2% detected, Asymp RR=0.5",72459.9960992112,"Total",151180.95802851,"Cumulative cases"
"77",13,"I","5% detected, Asymp RR=0.25",37618.6641056624,"Total",77052.242552438,"Cumulative cases"
"78",13,"I","5% detected, Asymp RR=0.5",28270.2718189343,"Total",59011.0981080256,"Cumulative cases"
"79",14,"I","15% detected, Asymp RR=0.25",17392.2741415026,"Total",35795.9255296173,"Cumulative cases"
"80",14,"I","15% detected, Asymp RR=0.5",11478.6995423472,"Total",24083.416758991,"Cumulative cases"
"81",14,"I","2% detected, Asymp RR=0.25",5692.04852139287,"Total",11716.0988504348,"Cumulative cases"
"82",14,"I","2% detected, Asymp RR=0.5",87613.4228624496,"Total",183676.78704701,"Cumulative cases"
"83",14,"I","5% detected, Asymp RR=0.25",44487.2776846083,"Total",91543.2786979959,"Cumulative cases"
"84",14,"I","5% detected, Asymp RR=0.5",34266.7215127533,"Total",71878.0200566583,"Cumulative cases"
"85",15,"I","15% detected, Asymp RR=0.25",20556.4223895114,"Total",42477.0432993912,"Cumulative cases"
"86",15,"I","15% detected, Asymp RR=0.5",13912.1500519472,"Total",29311.2792483203,"Cumulative cases"
"87",15,"I","2% detected, Asymp RR=0.25",6731.2409232155,"Total",13910.5201688806,"Cumulative cases"
"88",15,"I","2% detected, Asymp RR=0.5",105731.968775018,"Total",222559.820307786,"Cumulative cases"
"89",15,"I","5% detected, Asymp RR=0.25",52514.9981362508,"Total",108490.977237117,"Cumulative cases"
"90",15,"I","5% detected, Asymp RR=0.5",41477.5693596307,"Total",87364.3646313345,"Cumulative cases"
"91",16,"I","15% detected, Asymp RR=0.25",24262.9959754487,"Total",50307.769815771,"Cumulative cases"
"92",16,"I","15% detected, Asymp RR=0.5",16845.3651016687,"Total",35617.6171105442,"Cumulative cases"
"93",16,"I","2% detected, Asymp RR=0.25",7950.10616109174,"Total",16485.7894606676,"Cumulative cases"
"94",16,"I","2% detected, Asymp RR=0.5",127357.228316661,"Total",268992.280738533,"Cumulative cases"
"95",16,"I","5% detected, Asymp RR=0.25",61891.7897935019,"Total",128296.966066312,"Cumulative cases"
"96",16,"I","5% detected, Asymp RR=0.5",50143.5146284929,"Total",105988.554206901,"Cumulative cases"
"97",17,"I","15% detected, Asymp RR=0.25",28603.9147804191,"Total",59482.6075387864,"Cumulative cases"
"98",17,"I","15% detected, Asymp RR=0.5",20380.3295712468,"Total",43222.3919161436,"Cumulative cases"
"99",17,"I","2% detected, Asymp RR=0.25",9379.68475836751,"Total",19507.6134702619,"Cumulative cases"
"100",17,"I","2% detected, Asymp RR=0.5",153110.714501705,"Total",324306.067133141,"Cumulative cases"
"101",17,"I","5% detected, Asymp RR=0.25",72835.9774652854,"Total",151422.792228865,"Cumulative cases"
"102",17,"I","5% detected, Asymp RR=0.5",60549.7344008543,"Total",128364.550416989,"Cumulative cases"
"103",18,"I","15% detected, Asymp RR=0.25",33686.03852461,"Total",70227.6731553894,"Cumulative cases"
"104",18,"I","15% detected, Asymp RR=0.5",24639.315974499,"Total",52389.2888772077,"Cumulative cases"
"105",18,"I","2% detected, Asymp RR=0.25",11056.2915342521,"Total",23052.8694875485,"Cumulative cases"
"106",18,"I","2% detected, Asymp RR=0.5",183698.164716933,"Total",390010.946716909,"Cumulative cases"
"107",18,"I","5% detected, Asymp RR=0.25",85597.5734650287,"Total",178396.901008358,"Cumulative cases"
"108",18,"I","5% detected, Asymp RR=0.5",73032.841960638,"Total",155216.652012115,"Cumulative cases"
"109",19,"I","15% detected, Asymp RR=0.25",39633.6724233666,"Total",82805.9875382929,"Cumulative cases"
"110",19,"I","15% detected, Asymp RR=0.5",29768.84615781,"Total",63434.2278838099,"Cumulative cases"
"111",19,"I","2% detected, Asymp RR=0.25",13022.484273167,"Total",27211.654957818,"Cumulative cases"
"112",19,"I","2% detected, Asymp RR=0.5",219910.876023207,"Total",467795.884848812,"Cumulative cases"
"113",19,"I","5% detected, Asymp RR=0.25",100462.235847806,"Total",209822.92376944,"Cumulative cases"
"114",19,"I","5% detected, Asymp RR=0.5",87988.685292251,"Total",187395.992843022,"Cumulative cases"
"115",20,"I","15% detected, Asymp RR=0.25",46590.7151006835,"Total",97522.0040648229,"Cumulative cases"
"116",20,"I","15% detected, Asymp RR=0.5",35943.7339291433,"Total",76734.0350277405,"Cumulative cases"
"117",20,"I","2% detected, Asymp RR=0.25",15327.9781692191,"Total",32089.2216428382,"Cumulative cases"
"118",20,"I","2% detected, Asymp RR=0.5",262619.200352739,"Total",559513.175208297,"Cumulative cases"
"119",20,"I","5% detected, Asymp RR=0.25",117753.864950376,"Total",246385.06122596,"Cumulative cases"
"120",20,"I","5% detected, Asymp RR=0.5",105878.951043071,"Total",225894.366974572,"Cumulative cases"
"121",21,"I","15% detected, Asymp RR=0.25",54723.5484729407,"Total",114727.700697177,"Cumulative cases"
"122",21,"I","15% detected, Asymp RR=0.5",43372.4777068931,"Total",92737.9970516282,"Cumulative cases"
"123",21,"I","2% detected, Asymp RR=0.25",18030.8314929297,"Total",37808.483576703,"Cumulative cases"
"124",21,"I","2% detected, Asymp RR=0.5",312760.925735305,"Total",667151.026885104,"Cumulative cases"
"125",21,"I","5% detected, Asymp RR=0.25",137837.551761558,"Total",288854.180013744,"Cumulative cases"
"126",21,"I","5% detected, Asymp RR=0.5",127238.877409614,"Total",271860.246371238,"Cumulative cases"
"127",22,"I","15% detected, Asymp RR=0.25",64224.1005800949,"Total",134829.027917531,"Cumulative cases"
"128",22,"I","15% detected, Asymp RR=0.5",52302.8684111163,"Total",111979.846177669,"Cumulative cases"
"129",22,"I","2% detected, Asymp RR=0.25",21198.8434614866,"Total",44512.9730738845,"Cumulative cases"
"130",22,"I","2% detected, Asymp RR=0.5",371318.408733526,"Total",792781.480462134,"Cumulative cases"
"131",22,"I","5% detected, Asymp RR=0.25",161122.089060608,"Total",338092.929645242,"Cumulative cases"
"132",22,"I","5% detected, Asymp RR=0.5",152683.31865624,"Total",326611.031499442,"Cumulative cases"
"133",23,"I","15% detected, Asymp RR=0.25",75312.9834226821,"Total",158292.503105977,"Cumulative cases"
"134",23,"I","15% detected, Asymp RR=0.5",63028.2910751445,"Total",135091.191652952,"Cumulative cases"
"135",23,"I","2% detected, Asymp RR=0.25",24911.0267077283,"Total",52369.9534996781,"Cumulative cases"
"136",23,"I","2% detected, Asymp RR=0.5",439283.397755837,"Total",938481.553906583,"Cumulative cases"
"137",23,"I","5% detected, Asymp RR=0.25",188061.070338477,"Total",395057.819847715,"Cumulative cases"
"138",23,"I","5% detected, Asymp RR=0.5",182910.844004046,"Total",391640.758233324,"Cumulative cases"
"139",24,"I","15% detected, Asymp RR=0.25",88242.6915987157,"Total",185651.919446664,"Cumulative cases"
"140",24,"I","15% detected, Asymp RR=0.5",75894.9552800092,"Total",162816.874164421,"Cumulative cases"
"141",24,"I","2% detected, Asymp RR=0.25",29259.4959320917,"Total",61574.4105552585,"Cumulative cases"
"142",24,"I","2% detected, Asymp RR=0.5",517608.17659564,"Total",1106224.93668508,"Cumulative cases"
"143",24,"I","5% detected, Asymp RR=0.25",219152.408906697,"Total",460797.877183211,"Cumulative cases"
"144",24,"I","5% detected, Asymp RR=0.5",218704.239635762,"Total",468619.699441416,"Cumulative cases"
"145",25,"I","15% detected, Asymp RR=0.25",103301.306119844,"Total",217516.094022102,"Cumulative cases"
"146",25,"I","15% detected, Asymp RR=0.5",91309.0524222391,"Total",196030.071004793,"Cumulative cases"
"147",25,"I","2% detected, Asymp RR=0.25",34351.386072101,"Total",72353.1037849714,"Cumulative cases"
"148",25,"I","2% detected, Asymp RR=0.5",607139.19232557,"Total",1297736.27645642,"Cumulative cases"
"149",25,"I","5% detected, Asymp RR=0.25",254935.732879962,"Total",536448.75404305,"Cumulative cases"
"150",25,"I","5% detected, Asymp RR=0.5",260926.09320228,"Total",559383.020890822,"Cumulative cases"
"151",26,"I","15% detected, Asymp RR=0.25",120815.461986148,"Total",254575.036244667,"Cumulative cases"
"152",26,"I","15% detected, Asymp RR=0.5",109744.161761364,"Total",235747.797631953,"Cumulative cases"
"153",26,"I","2% detected, Asymp RR=0.25",40311.0469434303,"Total",84969.1994792206,"Cumulative cases"
"154",26,"I","2% detected, Asymp RR=0.5",708540.665977614,"Total",1514325.41196097,"Cumulative cases"
"155",26,"I","5% detected, Asymp RR=0.25",295986.719239938,"Total",623220.244481634,"Cumulative cases"
"156",26,"I","5% detected, Asymp RR=0.5",310506.54163772,"Total",665901.952959057,"Cumulative cases"
"157",27,"I","15% detected, Asymp RR=0.25",141153.097353973,"Total",297605.61652135,"Cumulative cases"
"158",27,"I","15% detected, Asymp RR=0.5",131748.396195237,"Total",283145.669967365,"Cumulative cases"
"159",27,"I","2% detected, Asymp RR=0.25",47282.6019346741,"Total",99727.6687410223,"Cumulative cases"
"160",27,"I","2% detected, Asymp RR=0.5",822208.423552503,"Total",1756702.49148231,"Cumulative cases"
"161",27,"I","5% detected, Asymp RR=0.25",342907.648556846,"Total",722375.723383302,"Cumulative cases"
"162",27,"I","5% detected, Asymp RR=0.5",368421.305283733,"Total",790233.768891234,"Cumulative cases"
"163",28,"I","15% detected, Asymp RR=0.25",164725.703698058,"Total",347476.129318435,"Cumulative cases"
"164",28,"I","15% detected, Asymp RR=0.5",157950.175788652,"Total",339569.457959257,"Cumulative cases"
"165",28,"I","2% detected, Asymp RR=0.25",55432.6974784854,"Total",116981.082286526,"Cumulative cases"
"166",28,"I","2% detected, Asymp RR=0.5",948182.514180354,"Total",2024793.35147204,"Cumulative cases"
"167",28,"I","5% detected, Asymp RR=0.25",396313.208916478,"Total",835201.45510737,"Cumulative cases"
"168",28,"I","5% detected, Asymp RR=0.5",435658.056579399,"Total",934446.345656774,"Cumulative cases"
"169",29,"I","15% detected, Asymp RR=0.25",191989.406076724,"Total",405148.325259549,"Cumulative cases"
"170",29,"I","15% detected, Asymp RR=0.5",189061.803418346,"Total",406541.616257834,"Cumulative cases"
"171",29,"I","2% detected, Asymp RR=0.25",64953.478570855,"Total",137135.874259809,"Cumulative cases"
"172",29,"I","2% detected, Asymp RR=0.5",1086071.61588565,"Total",2317584.172387,"Cumulative cases"
"173",29,"I","5% detected, Asymp RR=0.25",456811.471521221,"Total",962965.640792257,"Cumulative cases"
"174",29,"I","5% detected, Asymp RR=0.5",513167.048739371,"Total",1100508.67221315,"Cumulative cases"
"175",30,"I","15% detected, Asymp RR=0.25",223444.296167054,"Total",471675.676711269,"Cumulative cases"
"176",30,"I","15% detected, Asymp RR=0.5",225879.272791958,"Total",485759.316223521,"Cumulative cases"
"177",30,"I","2% detected, Asymp RR=0.25",76065.7886738492,"Total",160659.067694126,"Cumulative cases"
"178",30,"I","2% detected, Asymp RR=0.5",1235002.31772033,"Total",2633023.43154047,"Cumulative cases"
"179",30,"I","5% detected, Asymp RR=0.25",524978.576837089,"Total",1106864.1076605,"Cumulative cases"
"180",30,"I","5% detected, Asymp RR=0.5",601797.709115851,"Total",1290151.78430143,"Cumulative cases"
"181",31,"I","15% detected, Asymp RR=0.25",259631.460408009,"Total",548196.686763887,"Cumulative cases"
"182",31,"I","15% detected, Asymp RR=0.5",269276.385598399,"Total",579079.798380041,"Cumulative cases"
"183",31,"I","2% detected, Asymp RR=0.25",89022.4922424987,"Total",188085.241744515,"Cumulative cases"
"184",31,"I","2% detected, Asymp RR=0.5",1393606.30581972,"Total",2968008.6430311,"Cumulative cases"
"185",31,"I","5% detected, Asymp RR=0.25",601326.642832264,"Total",1267951.70156544,"Cumulative cases"
"186",31,"I","5% detected, Asymp RR=0.5",702223.342519792,"Total",1504705.33162468,"Cumulative cases"
"187",32,"I","15% detected, Asymp RR=0.25",301127.09897338,"Total",635921.959778058,"Cumulative cases"
"188",32,"I","15% detected, Asymp RR=0.5",320191.382714234,"Total",688489.174958411,"Cumulative cases"
"189",32,"I","2% detected, Asymp RR=0.25",104111.800905837,"Total",220023.486964962,"Cumulative cases"
"190",32,"I","2% detected, Asymp RR=0.5",1560053.64390407,"Total",3318473.80620973,"Cumulative cases"
"191",32,"I","5% detected, Asymp RR=0.25",686269.069186824,"Total",1447068.39677692,"Cumulative cases"
"192",32,"I","5% detected, Asymp RR=0.5",814855.273107777,"Total",1744913.25489206,"Cumulative cases"
"193",33,"I","15% detected, Asymp RR=0.25",348532.724167377,"Total",736112.88572509,"Cumulative cases"
"194",33,"I","15% detected, Asymp RR=0.5",379602.821203371,"Total",816047.648158384,"Cumulative cases"
"195",33,"I","2% detected, Asymp RR=0.25",121660.477720968,"Total",257164.071367001,"Cumulative cases"
"196",33,"I","2% detected, Asymp RR=0.5",1732136.38704461,"Total",3679584.42496426,"Cumulative cases"
"197",33,"I","5% detected, Asymp RR=0.25",780080.934643581,"Total",1644755.24502607,"Cumulative cases"
"198",33,"I","5% detected, Asymp RR=0.5",939756.192933599,"Total",2010750.80760688,"Cumulative cases"
"199",34,"I","15% detected, Asymp RR=0.25",402460.674476051,"Total",850050.334360553,"Cumulative cases"
"200",34,"I","15% detected, Asymp RR=0.5",448493.122957736,"Total",963807.9659377,"Cumulative cases"
"201",34,"I","2% detected, Asymp RR=0.25",142036.659611021,"Total",300284.260939589,"Cumulative cases"
"202",34,"I","2% detected, Asymp RR=0.5",1907391.99815588,"Total",4046014.72051683,"Cumulative cases"
"203",34,"I","5% detected, Asymp RR=0.25",882858.50582961,"Total",1861168.83948739,"Cumulative cases"
"204",34,"I","5% detected, Asymp RR=0.5",1076564.10558802,"Total",2301268.04132758,"Cumulative cases"
"205",35,"I","15% detected, Asymp RR=0.25",463514.294233335,"Total",978992.009184436,"Cumulative cases"
"206",35,"I","15% detected, Asymp RR=0.5",527797.948696581,"Total",1133703.43215351,"Cumulative cases"
"207",35,"I","2% detected, Asymp RR=0.25",165651.970957335,"Total",350252.593926765,"Cumulative cases"
"208",35,"I","2% detected, Asymp RR=0.5",2083255.29945833,"Total",4412280.51280224,"Cumulative cases"
"209",35,"I","5% detected, Asymp RR=0.25",994481.593449512,"Total",2096002.4097991,"Cumulative cases"
"210",35,"I","5% detected, Asymp RR=0.5",1224440.38822609,"Total",2614488.95442909,"Cumulative cases"
"211",36,"I","15% detected, Asymp RR=0.25",532262.434450918,"Total",1124117.77149813,"Cumulative cases"
"212",36,"I","15% detected, Asymp RR=0.5",618340.290536207,"Total",1327403.63476853,"Cumulative cases"
"213",36,"I","2% detected, Asymp RR=0.25",192962.514465479,"Total",408030.722689111,"Cumulative cases"
"214",36,"I","2% detected, Asymp RR=0.5",2257215.40099622,"Total",4773076.32919503,"Cumulative cases"
"215",36,"I","5% detected, Asymp RR=0.25",1114583.64947565,"Total",2348423.9861644,"Cumulative cases"
"216",36,"I","5% detected, Asymp RR=0.5",1382054.2312949,"Total",2947392.10819842,"Cumulative cases"
"217",37,"I","15% detected, Asymp RR=0.25",609208.087777684,"Total",1286462.6176633,"Cumulative cases"
"218",37,"I","15% detected, Asymp RR=0.5",720752.735903961,"Total",1546145.99902882,"Cumulative cases"
"219",37,"I","2% detected, Asymp RR=0.25",224468.215415571,"Total",474671.703048153,"Cumulative cases"
"220",37,"I","2% detected, Asymp RR=0.5",2426959.3426034,"Total",5123577.15881433,"Cumulative cases"
"221",37,"I","5% detected, Asymp RR=0.25",1242533.28961186,"Total",2617039.40991991,"Cumulative cases"
"222",37,"I","5% detected, Asymp RR=0.5",1547612.80780048,"Total",3295991.22634,"Cumulative cases"
"223",38,"I","15% detected, Asymp RR=0.25",694752.154062805,"Total",1466839.52062184,"Cumulative cases"
"224",38,"I","15% detected, Asymp RR=0.5",835391.08422911,"Total",1790550.9763036,"Cumulative cases"
"225",38,"I","2% detected, Asymp RR=0.25",260709.87189554,"Total",551313.350862263,"Cumulative cases"
"226",38,"I","2% detected, Asymp RR=0.5",2590484.75328488,"Total",5459668.82796421,"Cumulative cases"
"227",38,"I","5% detected, Asymp RR=0.25",1377432.37181378,"Total",2899891.10190598,"Cumulative cases"
"228",38,"I","5% detected, Asymp RR=0.5",1718940.93787842,"Total",3655521.6186103,"Cumulative cases"
"229",39,"I","15% detected, Asymp RR=0.25",789154.190311452,"Total",1665756.17349183,"Cumulative cases"
"230",39,"I","15% detected, Asymp RR=0.5",962249.339555131,"Total",2060443.30713182,"Cumulative cases"
"231",39,"I","2% detected, Asymp RR=0.25",302263.16037615,"Total",639165.070534126,"Cumulative cases"
"232",39,"I","2% detected, Asymp RR=0.5",2746170.84879836,"Total",5778085.79916581,"Cumulative cases"
"233",39,"I","5% detected, Asymp RR=0.25",1518132.86951389,"Total",3194497.10196045,"Cumulative cases"
"234",39,"I","5% detected, Asymp RR=0.5",1893601.43942886,"Total",4020710.8284993,"Cumulative cases"
"235",40,"I","15% detected, Asymp RR=0.25",892492.389435313,"Total",1883330.53311515,"Cumulative cases"
"236",40,"I","15% detected, Asymp RR=0.5",1100886.88313272,"Total",2354703.04999752,"Cumulative cases"
"237",40,"I","2% detected, Asymp RR=0.25",349728.786169897,"Total",739486.439619783,"Cumulative cases"
"238",40,"I","2% detected, Asymp RR=0.5",2892811.40537577,"Total",6076466.9508233,"Cumulative cases"
"239",40,"I","5% detected, Asymp RR=0.25",1663273.74837883,"Total",3497932.66477061,"Cumulative cases"
"240",40,"I","5% detected, Asymp RR=0.5",2069044.51459521,"Total",4386106.17702122,"Cumulative cases"
"241",41,"I","15% detected, Asymp RR=0.25",1004626.76887184,"Total",2119213.72921784,"Cumulative cases"
"242",41,"I","15% detected, Asymp RR=0.5",1250382.07748936,"Total",2671177.40459583,"Cumulative cases"
"243",41,"I","2% detected, Asymp RR=0.25",403717.976614854,"Total",853555.861298457,"Cumulative cases"
"244",41,"I","2% detected, Asymp RR=0.5",3029607.56877461,"Total",6353326.25347244,"Cumulative cases"
"245",41,"I","5% detected, Asymp RR=0.25",1811334.23685984,"Total",3806946.40264157,"Cumulative cases"
"246",41,"I","5% detected, Asymp RR=0.5",2242763.73275883,"Total",4746410.04577008,"Cumulative cases"
"247",42,"I","15% detected, Asymp RR=0.25",1125170.0257021,"Total",2372529.87218617,"Cumulative cases"
"248",42,"I","15% detected, Asymp RR=0.5",1409324.20980957,"Total",3006677.82500665,"Cumulative cases"
"249",42,"I","2% detected, Asymp RR=0.25",464832.632569596,"Total",982627.860993701,"Cumulative cases"
"250",42,"I","2% detected, Asymp RR=0.5",3156134.29012563,"Total",6607969.34001844,"Cumulative cases"
"251",42,"I","5% detected, Asymp RR=0.25",1960701.67191896,"Total",4118106.76302765,"Cumulative cases"
"252",42,"I","5% detected, Asymp RR=0.5",2412439.83405072,"Total",5096782.25684894,"Cumulative cases"
"253",43,"I","15% detected, Asymp RR=0.25",1253470.66796762,"Total",2641842.55697835,"Cumulative cases"
"254",43,"I","15% detected, Asymp RR=0.5",1575851.65672707,"Total",3357077.83330447,"Cumulative cases"
"255",43,"I","2% detected, Asymp RR=0.25",533639.722300421,"Total",1127878.19290315,"Cumulative cases"
"256",43,"I","2% detected, Asymp RR=0.5",3272287.90280181,"Total",6840372.85693946,"Cumulative cases"
"257",43,"I","5% detected, Asymp RR=0.25",2109745.25749566,"Total",4427960.12792792,"Cumulative cases"
"258",43,"I","5% detected, Asymp RR=0.5",2576055.32638029,"Total",5433074.90075904,"Cumulative cases"
"259",44,"I","15% detected, Asymp RR=0.25",1388612.47666272,"Total",2925156.58325566,"Cumulative cases"
"260",44,"I","15% detected, Asymp RR=0.5",1747739.86311513,"Total",3717516.8088412,"Cumulative cases"
"261",44,"I","2% detected, Asymp RR=0.25",610640.001260941,"Total",1290337.00626196,"Cumulative cases"
"262",44,"I","2% detected, Asymp RR=0.5",3378226.57723883,"Total",7051051.3896999,"Cumulative cases"
"263",44,"I","5% detected, Asymp RR=0.25",2256889.07491906,"Total",4733186.18997468,"Cumulative cases"
"264",44,"I","5% detected, Asymp RR=0.5",2731968.71649235,"Total",5751977.23768585,"Cumulative cases"
"265",45,"I","15% detected, Asymp RR=0.25",1529433.14804154,"Total",3219960.74827269,"Cumulative cases"
"266",45,"I","15% detected, Asymp RR=0.5",1922526.46776756,"Total",4082680.00616205,"Cumulative cases"
"267",45,"I","2% detected, Asymp RR=0.25",696231.98214882,"Total",1470812.12286819,"Cumulative cases"
"268",45,"I","2% detected, Asymp RR=0.5",3474308.81022197,"Total",7240922.99216106,"Cumulative cases"
"269",45,"I","5% detected, Asymp RR=0.25",2400677.72176564,"Total",5030736.59709514,"Cumulative cases"
"270",45,"I","5% detected, Asymp RR=0.5",2878949.17455677,"Total",6051075.03508257,"Cumulative cases"
"271",46,"I","15% detected, Asymp RR=0.25",1674561.68190557,"Total",3523310.48806114,"Cumulative cases"
"272",46,"I","15% detected, Asymp RR=0.5",2097663.38251782,"Total",4447130.83917893,"Cumulative cases"
"273",46,"I","2% detected, Asymp RR=0.25",790672.464451194,"Total",1669805.32794904,"Cumulative cases"
"274",46,"I","2% detected, Asymp RR=0.5",3561036.48195866,"Total",7411186.53348235,"Cumulative cases"
"275",46,"I","5% detected, Asymp RR=0.25",2539828.81766945,"Total",5317944.59461857,"Cumulative cases"
"276",46,"I","5% detected, Asymp RR=0.5",3016171.37614298,"Total",6328825.64733739,"Cumulative cases"
"277",47,"I","15% detected, Asymp RR=0.25",1822473.54808372,"Total",3831947.99204287,"Cumulative cases"
"278",47,"I","15% detected, Asymp RR=0.5",2270672.91205399,"Total",4805644.7427425,"Cumulative cases"
"279",47,"I","2% detected, Asymp RR=0.25",894036.698970343,"Total",1887428.31150441,"Cumulative cases"
"280",47,"I","2% detected, Asymp RR=0.5",3639005.40934455,"Total",7563216.70161584,"Cumulative cases"
"281",47,"I","5% detected, Asymp RR=0.25",2673269.08182524,"Total",5592599.01671359,"Cumulative cases"
"282",47,"I","5% detected, Asymp RR=0.5",3143184.78563201,"Total",6584480.70140164,"Cumulative cases"
"283",48,"I","15% detected, Asymp RR=0.25",1971558.46613364,"Total",4142448.44080721,"Cumulative cases"
"284",48,"I","15% detected, Asymp RR=0.5",2439284.90009501,"Total",5153496.31553569,"Cumulative cases"
"285",48,"I","2% detected, Asymp RR=0.25",1006181.63675205,"Total",2123325.70388321,"Cumulative cases"
"286",48,"I","2% detected, Asymp RR=0.5",3708864.32351718,"Total",7698478.00302814,"Cumulative cases"
"287",48,"I","5% detected, Asymp RR=0.25",2800152.9571158,"Total",5852980.70563247,"Cumulative cases"
"288",48,"I","5% detected, Asymp RR=0.5",3259863.0147289,"Total",6817969.08653679,"Cumulative cases"
"289",49,"I","15% detected, Asymp RR=0.25",2120193.98809954,"Total",4451377.65453886,"Cumulative cases"
"290",49,"I","15% detected, Asymp RR=0.5",2601544.3072192,"Total",5486678.54883498,"Cumulative cases"
"291",49,"I","2% detected, Asymp RR=0.25",1126716.63304018,"Total",2376614.62898864,"Cumulative cases"
"292",49,"I","2% detected, Asymp RR=0.5",3771282.71312485,"Total",7818458.35875513,"Cumulative cases"
"293",49,"I","5% detected, Asymp RR=0.25",2919866.23202434,"Total",6097866.90220491,"Cumulative cases"
"294",49,"I","5% detected, Asymp RR=0.5",3366344.72692224,"Total",7029764.71528125,"Cumulative cases"
"295",50,"I","15% detected, Asymp RR=0.25",2266818.35328955,"Total",4755446.99946107,"Cumulative cases"
"296",50,"I","15% detected, Asymp RR=0.5",2755880.3634589,"Total",5802036.56605607,"Cumulative cases"
"297",50,"I","2% detected, Asymp RR=0.25",1254987.92680298,"Total",2645854.05391046,"Cumulative cases"
"298",50,"I","2% detected, Asymp RR=0.5",3826926.2578554,"Total",7924619.18141427,"Cumulative cases"
"299",50,"I","5% detected, Asymp RR=0.25",3032015.02483977,"Total",6326504.61327588,"Cumulative cases"
"300",50,"I","5% detected, Asymp RR=0.5",3462972.37253046,"Total",7220752.51356347,"Cumulative cases"
"301",51,"I","15% detected, Asymp RR=0.25",2409994.614406,"Total",5051648.63983725,"Cumulative cases"
"302",51,"I","15% detected, Asymp RR=0.5",2901132.56508128,"Total",6097308.40451958,"Cumulative cases"
"303",51,"I","2% detected, Asymp RR=0.25",1390078.0899994,"Total",2929046.45268286,"Cumulative cases"
"304",51,"I","2% detected, Asymp RR=0.5",3876439.33179523,"Total",8018360.64470706,"Cumulative cases"
"305",51,"I","5% detected, Asymp RR=0.25",3136405.34050686,"Total",6538564.29580476,"Cumulative cases"
"306",51,"I","5% detected, Asymp RR=0.5",3550235.41489697,"Total",7392106.01026795,"Cumulative cases"
"307",52,"I","15% detected, Asymp RR=0.25",2548460.48867461,"Total",5337359.566594,"Cumulative cases"
"308",52,"I","15% detected, Asymp RR=0.5",3036542.19060985,"Total",6371093.4179619,"Cumulative cases"
"309",52,"I","2% detected, Asymp RR=0.25",1530824.26783848,"Total",3223679.75615238,"Cumulative cases"
"310",52,"I","2% detected, Asymp RR=0.5",3920433.66205089,"Total",8101000.01020601,"Cumulative cases"
"311",52,"I","5% detected, Asymp RR=0.25",3233016.53445886,"Total",6734081.05984719,"Cumulative cases"
"312",52,"I","5% detected, Asymp RR=0.5",3628720.52446464,"Total",7545181.50698313,"Cumulative cases"
"313",53,"I","15% detected, Asymp RR=0.25",2681163.15523137,"Total",5610412.81702572,"Cumulative cases"
"314",53,"I","15% detected, Asymp RR=0.5",3161717.34466815,"Total",6622766.38091179,"Cumulative cases"
"315",53,"I","2% detected, Asymp RR=0.25",1675856.3013911,"Total",3526811.54313349,"Cumulative cases"
"316",53,"I","2% detected, Asymp RR=0.5",3959480.99815112,"Total",8173758.2958127,"Cumulative cases"
"317",53,"I","5% detected, Asymp RR=0.25",3321972.07951466,"Total",6913390.64046312,"Cumulative cases"
"318",53,"I","5% detected, Asymp RR=0.5",3699070.08298496,"Total",7681431.02882321,"Cumulative cases"
"319",54,"I","15% detected, Asymp RR=0.25",2807277.64967352,"Total",5869133.39844666,"Cumulative cases"
"320",54,"I","15% detected, Asymp RR=0.5",3276580.10396275,"Total",6852356.15584423,"Cumulative cases"
"321",54,"I","2% detected, Asymp RR=0.25",1823651.61577436,"Total",3835188.52347447,"Cumulative cases"
"322",54,"I","2% detected, Asymp RR=0.5",3994108.94132114,"Total",8237753.48787645,"Cumulative cases"
"323",54,"I","5% detected, Asymp RR=0.25",3403509.41573769,"Total",7077063.9884629,"Cumulative cases"
"324",54,"I","5% detected, Asymp RR=0.5",3761949.37822193,"Total",7802334.49555658,"Cumulative cases"
"325",55,"I","15% detected, Asymp RR=0.25",2926208.36591866,"Total",6112338.16914717,"Cumulative cases"
"326",55,"I","15% detected, Asymp RR=0.5",3381306.12400359,"Total",7060411.43265698,"Cumulative cases"
"327",55,"I","2% detected, Asymp RR=0.25",1972602.73985917,"Total",4145392.20667154,"Cumulative cases"
"328",55,"I","2% detected, Asymp RR=0.5",4024799.74676086,"Total",8293999.84781941,"Cumulative cases"
"329",55,"I","5% detected, Asymp RR=0.25",3477951.5293661,"Total",7225846.02558971,"Cumulative cases"
"330",55,"I","5% detected, Asymp RR=0.5",3818021.84148895,"Total",7909349.37467533,"Cumulative cases"
"331",56,"I","15% detected, Asymp RR=0.25",3037577.42808041,"Total",6339307.97607098,"Cumulative cases"
"332",56,"I","15% detected, Asymp RR=0.5",3476264.99906246,"Total",7247870.50935733,"Cumulative cases"
"333",56,"I","2% detected, Asymp RR=0.25",2121090.79005359,"Total",4453996.27446909,"Cumulative cases"
"334",56,"I","2% detected, Asymp RR=0.5",4051990.86631815,"Total",8343410.68062796,"Cumulative cases"
"335",56,"I","5% detected, Asymp RR=0.25",3545681.54943801,"Total",7360601.25612061,"Cumulative cases"
"336",56,"I","5% detected, Asymp RR=0.5",3867931.14033881,"Total",8003875.07437557,"Cumulative cases"
"337",57,"I","15% detected, Asymp RR=0.25",3141204.99049512,"Total",6549742.949482,"Cumulative cases"
"338",57,"I","15% detected, Asymp RR=0.5",3561964.26558277,"Total",7415940.91755461,"Cumulative cases"
"339",57,"I","2% detected, Asymp RR=0.25",2267557.35503197,"Total",4757719.45849214,"Cumulative cases"
"340",57,"I","2% detected, Asymp RR=0.5",4076076.59801672,"Total",8386803.22638548,"Cumulative cases"
"341",57,"I","5% detected, Asymp RR=0.25",3607120.76406037,"Total",7482266.98963728,"Cumulative cases"
"342",57,"I","5% detected, Asymp RR=0.5",3912289.24656358,"Total",8087230.00034071,"Cumulative cases"
"343",58,"I","15% detected, Asymp RR=0.25",3237081.92648114,"Total",6743702.0954846,"Cumulative cases"
"344",58,"I","15% detected, Asymp RR=0.5",3639000.93797241,"Total",7565996.67109129,"Cumulative cases"
"345",58,"I","2% detected, Asymp RR=0.25",2410568.66325066,"Total",5053560.92306098,"Cumulative cases"
"346",58,"I","2% detected, Asymp RR=0.5",4097410.51779436,"Total",8424905.00397617,"Cumulative cases"
"347",58,"I","5% detected, Asymp RR=0.25",3662710.51133786,"Total",7591815.10649571,"Cumulative cases"
"348",58,"I","5% detected, Asymp RR=0.5",3951668.76519732,"Total",8160637.50813396,"Cumulative cases"
"349",59,"I","15% detected, Asymp RR=0.25",3325339.91207184,"Total",6921537.88942061,"Cumulative cases"
"350",59,"I","15% detected, Asymp RR=0.5",3708021.68119635,"Total",7699494.9370943,"Cumulative cases"
"351",59,"I","2% detected, Asymp RR=0.25",2548866.22159881,"Total",5338905.87368027,"Cumulative cases"
"352",59,"I","2% detected, Asymp RR=0.5",4116308.40250332,"Total",8458361.00892809,"Cumulative cases"
"353",59,"I","5% detected, Asymp RR=0.25",3712897.69779933,"Total",7690221.73155421,"Cumulative cases"
"354",59,"I","5% detected, Asymp RR=0.5",3986598.73864101,"Total",8225219.07609048,"Cumulative cases"
"355",60,"I","15% detected, Asymp RR=0.25",3406221.89135746,"Total",7083832.22448811,"Cumulative cases"
"356",60,"I","15% detected, Asymp RR=0.5",3769691.75219672,"Total",7817912.02313311,"Cumulative cases"
"357",60,"I","2% detected, Asymp RR=0.25",2681401.01279207,"Total",5611595.51126014,"Cumulative cases"
"358",60,"I","2% detected, Asymp RR=0.5",4133051.34684782,"Total",8487741.15534825,"Cumulative cases"
"359",60,"I","5% detected, Asymp RR=0.25",3758123.44633428,"Total",7778443.68853869,"Cumulative cases"
"360",60,"I","5% detected, Asymp RR=0.5",4017563.26367833,"Total",8281993.22471425,"Cumulative cases"
"361",61,"I","15% detected, Asymp RR=0.25",3480054.26880385,"Total",7231336.50503082,"Cumulative cases"
"362",61,"I","15% detected, Asymp RR=0.5",3824670.99099701,"Total",7922694.64698311,"Cumulative cases"
"363",61,"I","2% detected, Asymp RR=0.25",2807351.38792867,"Total",5869961.91249767,"Cumulative cases"
"364",61,"I","2% detected, Asymp RR=0.5",4147888.94363603,"Total",8513547.68779414,"Cumulative cases"
"365",61,"I","5% detected, Asymp RR=0.25",3798814.82817683,"Total",7857401.60628294,"Cumulative cases"
"366",61,"I","5% detected, Asymp RR=0.5",4045001.7754495,"Total",8331877.73709783,"Cumulative cases"
"367",62,"I","15% detected, Asymp RR=0.25",3547221.74524398,"Total",7364917.79585595,"Cumulative cases"
"368",62,"I","15% detected, Asymp RR=0.5",3873597.31201072,"Total",8015227.32077165,"Cumulative cases"
"369",62,"I","2% detected, Asymp RR=0.25",2926124.4130255,"Total",6112827.58061843,"Cumulative cases"
"370",62,"I","2% detected, Asymp RR=0.5",4161042.35571755,"Total",8536222.24772315,"Cumulative cases"
"371",62,"I","5% detected, Asymp RR=0.25",3835379.15633672,"Total",7927968.51893687,"Cumulative cases"
"372",62,"I","5% detected, Asymp RR=0.5",4069310.56944138,"Total",8375694.2983056,"Cumulative cases"
"373",63,"I","15% detected, Asymp RR=0.25",3608145.69236043,"Total",7485512.84915283,"Cumulative cases"
"374",63,"I","15% detected, Asymp RR=0.5",3917075.54789825,"Total",8096811.03333586,"Cumulative cases"
"375",63,"I","2% detected, Asymp RR=0.25",3037344.53027641,"Total",6339478.20267046,"Cumulative cases"
"376",63,"I","2% detected, Asymp RR=0.5",4172707.23310377,"Total",8556152.49274252,"Cumulative cases"
"377",63,"I","5% detected, Asymp RR=0.25",3868200.24153091,"Total",7990962.63646065,"Cumulative cases"
"378",63,"I","5% detected, Asymp RR=0.5",4090845.2532663,"Total",8414174.88757026,"Cumulative cases"
"379",64,"I","15% detected, Asymp RR=0.25",3663266.34448418,"Total",7594090.51455983,"Cumulative cases"
"380",64,"I","15% detected, Asymp RR=0.5",3955670.31392404,"Total",8168650.31949843,"Cumulative cases"
"381",64,"I","2% detected, Asymp RR=0.25",3140833.22896756,"Total",6549616.62175324,"Cumulative cases"
"382",64,"I","2% detected, Asymp RR=0.5",4183056.44523921,"Total",8573678.23470126,"Cumulative cases"
"383",64,"I","5% detected, Asymp RR=0.25",3897636.10681148,"Total",8047143.18863662,"Cumulative cases"
"384",64,"I","5% detected, Asymp RR=0.5",4109923.59593065,"Total",8447968.82345858,"Cumulative cases"
"385",65,"I","15% detected, Asymp RR=0.25",3713028.69538244,"Total",7691622.22937961,"Cumulative cases"
"386",65,"I","15% detected, Asymp RR=0.5",3989902.46930244,"Total",8231847.77444127,"Cumulative cases"
"387",65,"I","2% detected, Asymp RR=0.25",3236581.98312944,"Total",6743302.97838863,"Cumulative cases"
"388",65,"I","2% detected, Asymp RR=0.5",4192242.60605343,"Total",8589097.05418781,"Cumulative cases"
"389",65,"I","5% detected, Asymp RR=0.25",3924017.99077682,"Total",8097208.9742316,"Cumulative cases"
"390",65,"I","5% detected, Asymp RR=0.5",4126828.59067398,"Total",8477650.09740571,"Cumulative cases"
"391",66,"I","15% detected, Asymp RR=0.25",3757871.47054117,"Total",7779059.17359106,"Cumulative cases"
"392",66,"I","15% detected, Asymp RR=0.5",4020247.97115892,"Total",8287403.43325209,"Cumulative cases"
"393",66,"I","2% detected, Asymp RR=0.25",3324722.8734052,"Total",6920890.46934983,"Cumulative cases"
"394",66,"I","2% detected, Asymp RR=0.5",4200400.36146313,"Total",8602669.34344421,"Cumulative cases"
"395",66,"I","5% detected, Asymp RR=0.25",3947650.31798749,"Total",8141798.92035801,"Cumulative cases"
"396",66,"I","5% detected, Asymp RR=0.5",4141811.58449588,"Total",8503724.6998849,"Cumulative cases"
"397",67,"I","15% detected, Asymp RR=0.25",3798218.98256812,"Total",7857315.6362616,"Cumulative cases"
"398",67,"I","15% detected, Asymp RR=0.5",4047138.36115153,"Total",8336217.39629971,"Cumulative cases"
"399",67,"I","2% detected, Asymp RR=0.25",3405499.01929278,"Total",7082961.20493724,"Cumulative cases"
"400",67,"I","2% detected, Asymp RR=0.5",4207648.47236558,"Total",8614622.86714678,"Cumulative cases"
"401",67,"I","5% detected, Asymp RR=0.25",3968811.3597445,"Total",8181494.05383092,"Cumulative cases"
"402",67,"I","5% detected, Asymp RR=0.5",4155095.36344591,"Total",8526637.71186836,"Cumulative cases"
"403",68,"I","15% detected, Asymp RR=0.25",3834475.51806626,"Total",7927257.80580391,"Cumulative cases"
"404",68,"I","15% detected, Asymp RR=0.5",4070962.54722088,"Total",8379094.96569347,"Cumulative cases"
"405",68,"I","2% detected, Asymp RR=0.25",3479236.54801692,"Total",7230265.85046626,"Cumulative cases"
"406",68,"I","2% detected, Asymp RR=0.5",4214091.66849836,"Total",8625156.786637,"Cumulative cases"
"407",68,"I","5% detected, Asymp RR=0.25",3987754.2821667,"Total",8216820.23223067,"Cumulative cases"
"408",68,"I","5% detected, Asymp RR=0.5",4166877.08574375,"Total",8546779.96115584,"Cumulative cases"
"409",69,"I","15% detected, Asymp RR=0.25",3867021.85011036,"Total",7989697.09368853,"Cumulative cases"
"410",69,"I","15% detected, Asymp RR=0.5",4092069.26693419,"Total",8416753.02645753,"Cumulative cases"
"411",69,"I","2% detected, Asymp RR=0.25",3546319.64400109,"Total",7363670.23861294,"Cumulative cases"
"412",69,"I","2% detected, Asymp RR=0.5",4219822.30008167,"Total",8634445.21818554,"Cumulative cases"
"413",69,"I","5% detected, Asymp RR=0.25",4004708.52345071,"Total",8248251.51570271,"Cumulative cases"
"414",69,"I","5% detected, Asymp RR=0.5",4177331.00807949,"Total",8564494.1515121,"Cumulative cases"
"415",70,"I","15% detected, Asymp RR=0.25",3896213.06100843,"Total",8045386.20193921,"Cumulative cases"
"416",70,"I","15% detected, Asymp RR=0.5",4110769.96858765,"Total",8449827.13652333,"Cumulative cases"
"417",70,"I","2% detected, Asymp RR=0.25",3607169.07586086,"Total",7484109.71596659,"Cumulative cases"
"418",70,"I","2% detected, Asymp RR=0.5",4224921.81240831,"Total",8642640.38818209,"Cumulative cases"
"419",70,"I","5% detected, Asymp RR=0.25",4019881.36374849,"Total",8276213.89290328,"Cumulative cases"
"420",70,"I","5% detected, Asymp RR=0.5",4186610.99602628,"Total",8580080.45300532,"Cumulative cases"
"421",71,"I","15% detected, Asymp RR=0.25",3922377.54602044,"Total",8095017.66347846,"Cumulative cases"
"422",71,"I","15% detected, Asymp RR=0.5",4127341.91772075,"Total",8478878.91420468,"Cumulative cases"
"423",71,"I","2% detected, Asymp RR=0.25",3662224.41528721,"Total",7592551.61403484,"Cumulative cases"
"424",71,"I","2% detected, Asymp RR=0.5",4229462.05193634,"Total",8649875.40824282,"Cumulative cases"
"425",71,"I","5% detected, Asymp RR=0.25",4033459.58573504,"Total",8301089.14484304,"Cumulative cases"
"426",71,"I","5% detected, Asymp RR=0.5",4194852.83437676,"Total",8593801.60226498,"Cumulative cases"
"427",72,"I","15% detected, Asymp RR=0.25",3945817.01349054,"Total",8139224.45794858,"Cumulative cases"
"428",72,"I","15% detected, Asymp RR=0.5",4142031.30825515,"Total",8504403.29987666,"Cumulative cases"
"429",72,"I","2% detected, Asymp RR=0.25",3711929.75208742,"Total",7689965.33985517,"Cumulative cases"
"430",72,"I","2% detected, Asymp RR=0.5",4233506.41991571,"Total",8656266.70869716,"Cumulative cases"
"431",72,"I","5% detected, Asymp RR=0.25",4045611.14090393,"Total",8323218.66824809,"Cumulative cases"
"432",72,"I","5% detected, Asymp RR=0.5",4202176.30074865,"Total",8605887.43747791,"Cumulative cases"
"433",73,"I","15% detected, Asymp RR=0.25",3966807.17851706,"Total",8178582.04790178,"Cumulative cases"
"434",73,"I","15% detected, Asymp RR=0.5",4155056.29714367,"Total",8526835.52523298,"Cumulative cases"
"435",73,"I","2% detected, Asymp RR=0.25",3756722.896978,"Total",7777300.03918205,"Cumulative cases"
"436",73,"I","2% detected, Asymp RR=0.5",4237110.88805526,"Total",8661916.16473174,"Cumulative cases"
"437",73,"I","5% detected, Asymp RR=0.25",4056486.77820201,"Total",8342907.1740739,"Cumulative cases"
"438",73,"I","5% detected, Asymp RR=0.5",4208687.03520989,"Total",8616538.96051792,"Cumulative cases"
"439",74,"I","15% detected, Asymp RR=0.25",3985598.86903335,"Total",8213611.22856685,"Cumulative cases"
"440",74,"I","15% detected, Asymp RR=0.5",4166609.9093575,"Total",8546557.69172962,"Cumulative cases"
"441",74,"I","2% detected, Asymp RR=0.25",3797027.42074694,"Total",7855468.36161944,"Cumulative cases"
"442",74,"I","2% detected, Asymp RR=0.5",4240324.89127471,"Total",8666912.9511776,"Cumulative cases"
"443",74,"I","5% detected, Asymp RR=0.25",4066221.61285687,"Total",8360426.22025523,"Cumulative cases"
"444",74,"I","5% detected, Asymp RR=0.5",4214478.21530856,"Total",8625931.95206565,"Cumulative cases"
"445",75,"I","15% detected, Asymp RR=0.25",4002419.3861735,"Total",8244781.46012335,"Cumulative cases"
"446",75,"I","15% detected, Asymp RR=0.5",4176862.74388734,"Total",8563904.83698171,"Cumulative cases"
"447",75,"I","2% detected, Asymp RR=0.25",3833246.97253947,"Total",7925335.09575728,"Cumulative cases"
"448",75,"I","2% detected, Asymp RR=0.5",4243192.1133437,"Total",8671335.16299758,"Cumulative cases"
"449",75,"I","5% detected, Asymp RR=0.25",4074936.61549132,"Total",8376017.53374555,"Cumulative cases"
"450",75,"I","5% detected, Asymp RR=0.5",4219632.03119223,"Total",8634220.12787971,"Cumulative cases"
"451",76,"I","15% detected, Asymp RR=0.25",4017474.07110359,"Total",8272514.57838953,"Cumulative cases"
"452",76,"I","15% detected, Asymp RR=0.5",4185965.43356969,"Total",8579170.40438047,"Cumulative cases"
"453",76,"I","2% detected, Asymp RR=0.25",3865761.60030409,"Total",7987710.06691913,"Cumulative cases"
"454",76,"I","2% detected, Asymp RR=0.5",4245751.17756682,"Total",8675251.22936346,"Cumulative cases"
"455",76,"I","5% detected, Asymp RR=0.25",4082739.9983735,"Total",8389896.08226863,"Cumulative cases"
"456",76,"I","5% detected, Asymp RR=0.5",4224220.98961942,"Total",8641537.90698064,"Cumulative cases"
